INSERT INTO roles (id, nombre) VALUES (1,'ROLE_MEDICO');
INSERT INTO roles (id, nombre) VALUES (2,'ROLE_FARMACEUTICO');
INSERT INTO roles (id, nombre) VALUES (3,'ROLE_ADMIN');

INSERT INTO estados_civiles (id, estado_civil) VALUES (1,'Soltero');
INSERT INTO estados_civiles (id, estado_civil) VALUES (2,'Casado');
INSERT INTO estados_civiles (id, estado_civil) VALUES (3,'Separado');
INSERT INTO estados_civiles (id, estado_civil) VALUES (4,'Viudo')

INSERT INTO previsiones (id, prevision) VALUES (1,'Fonasa');
INSERT INTO previsiones (id, prevision) VALUES (2,'Banmedica');
INSERT INTO previsiones (id, prevision) VALUES (3,'Cruz Blanca');
INSERT INTO previsiones (id, prevision) VALUES (4,'Consalud');

INSERT INTO especialidades (especialidad) VALUES ('Forense');

INSERT INTO sexos (id, sexo) VALUES (1,'Masculino');
INSERT INTO sexos (id, sexo) VALUES (2,'Femenino');

INSERT INTO carnets (id, sector) VALUES (1,'Rosado');
INSERT INTO carnets (id, sector) VALUES (2,'Celeste');
INSERT INTO carnets (id, sector) VALUES (3,'Verde');

INSERT INTO tipos (id, tipo_articulo) VALUES (1,'Fármaco');
INSERT INTO tipos (id, tipo_articulo) VALUES (2,'Insumo');
INSERT INTO tipos (id, tipo_articulo) VALUES (3,'Jarabe');

INSERT INTO fabricantes (id, fabricante) VALUES (1, 'INTERPHARMA S.A.');
INSERT INTO fabricantes (id, fabricante) VALUES (2, 'MINTLAB');
INSERT INTO fabricantes (id, fabricante) VALUES (3, 'Ortopedias más vida');
INSERT INTO fabricantes (id, fabricante) VALUES (4, 'Bisolvon');

INSERT INTO usuarios (username, email, password, enabled) VALUES ('frmujica', 'f.mujica1995@gmail.com', '$2a$10$.1eMU.ab0jF3cGBs7G3/Ju5jB4Gi7MAqerQh9V1goIIDp.5XiYHFe', 1);
INSERT INTO usuarios (username, email, password, enabled) VALUES ('ercabello', 'er.cabello@alumnos.duoc.cl', '$2a$10$1.A4b4Hw7UaGqKW1pIUHjeaG9HnDdGmIhM/oj6pEvy9RqUapnEXsi', 1);
INSERT INTO usuarios (username, email, password, enabled) VALUES ('admin', 'admin@gmail.com', '$2a$10$Yi6xmCnzzANmRZ1qk24kXORORn2ayELPUcaSQOp9VQQqL3GVMxzvm', 1);

INSERT INTO motivo_caducados (id, motivo) VALUES (1, 'Vencido');
INSERT INTO motivo_caducados (id, motivo) VALUES (2, 'Envase Roto');
INSERT INTO motivo_caducados (id, motivo) VALUES (3, 'Mal Estado');
INSERT INTO motivo_caducados (id, motivo) VALUES (4, 'Expiración');
INSERT INTO motivo_caducados (id, motivo) VALUES (5, 'Dañado');
INSERT INTO motivo_caducados (id, motivo) VALUES (6, 'Otro');

INSERT INTO usuarios_roles (usuario_id, role_id) VALUES (1, 1);
INSERT INTO usuarios_roles (usuario_id, role_id) VALUES (2, 2);
INSERT INTO usuarios_roles (usuario_id, role_id) VALUES (3, 3);

INSERT INTO medicos (nombre, apellido_paterno, apellido_materno, rut, fecha_nacimiento, numero_celular, especialidad_id, sexo_id, usuario_id) VALUES ('Frank', 'Mujica', 'Fuentealba', '19.226.507-k', '1995-08-08', 87059085, 1, 1, 2);

INSERT INTO articulos (descripcion, componentes, contenido, gramaje, fabricante_id, tipo_id) VALUES ('Clonazepam', 'Lactosa Monohidrato, Almidón Pregelatinizado, Celulosa Microcristalina, Estearato de Magnesio.', '2.0 mg', 2.0, 1, 1);
INSERT INTO articulos (descripcion, componentes, contenido, gramaje, fabricante_id, tipo_id) VALUES ('Alprazolam', 'Docusato de Sodio, Benzoato de Sodio, Almidón de Patata Pregelatinizado, Celulosa Microcristalina, Lactosa Monohidrato, Estearato de Magnesio, Sílice Coloidal Anhidra.', '0.5 mg.', 0.5, 2, 1);
INSERT INTO articulos (descripcion, componentes, contenido, gramaje, fabricante_id, tipo_id) VALUES ('Jeringa', 'barril, el émbolo, la Junta, la aguja', '1 jeringa desechable', 0, 3, 2);
INSERT INTO articulos (descripcion, componentes, contenido, gramaje, fabricante_id, tipo_id) VALUES ('Jarabe', 'Antitusivo Compositum', '1 jarabe 200ml', 3.0, 4, 3);

INSERT INTO partidas (id, fecha_partida, cantidad_llegada, cantidad_restante, articulo_id) VALUES (1, '2019-07-09', 20, 20, 1);

INSERT INTO regiones (id, nombre, nombre_ordinal) VALUES (1,'Arica y Parinacota','XV');
INSERT INTO regiones (id, nombre, nombre_ordinal) VALUES (2,'Tarapacá','I');
INSERT INTO regiones (id, nombre, nombre_ordinal) VALUES (3,'Antofagasta','II');
INSERT INTO regiones (id, nombre, nombre_ordinal) VALUES (4,'Atacama','III');
INSERT INTO regiones (id, nombre, nombre_ordinal) VALUES (5,'Coquimbo','IV');
INSERT INTO regiones (id, nombre, nombre_ordinal) VALUES (6,'Valparaiso','V');
INSERT INTO regiones (id, nombre, nombre_ordinal) VALUES (7,'Metropolitana de Santiago','RM');
INSERT INTO regiones (id, nombre, nombre_ordinal) VALUES (8,'Libertador General Bernardo O''Higgins','VI');
INSERT INTO regiones (id, nombre, nombre_ordinal) VALUES (9,'Maule','VII');
INSERT INTO regiones (id, nombre, nombre_ordinal) VALUES (10,'Biobío','VIII');
INSERT INTO regiones (id, nombre, nombre_ordinal) VALUES (11,'La Araucanía','IX');
INSERT INTO regiones (id, nombre, nombre_ordinal) VALUES (12,'Los Ríos','XIV');
INSERT INTO regiones (id, nombre, nombre_ordinal) VALUES (13,'Los Lagos','X');
INSERT INTO regiones (id, nombre, nombre_ordinal) VALUES (14,'Aisén del General Carlos Ibáñez del Campo','XI');
INSERT INTO regiones (id, nombre, nombre_ordinal) VALUES (15,'Magallanes y de la Antártica Chilena','XII');

INSERT INTO comunas (id, nombre, region_id) VALUES (1,'Arica',1);
INSERT INTO comunas (id, nombre, region_id) VALUES (2,'Camarones',1);												
INSERT INTO comunas (id, nombre, region_id)	VALUES (3,'General Lagos',1);
INSERT INTO comunas (id, nombre, region_id)	VALUES (4,'Putre',1);
INSERT INTO comunas (id, nombre, region_id)	VALUES (5,'Alto Hospicio',2);
INSERT INTO comunas (id, nombre, region_id)	VALUES (6,'Iquique',2);
INSERT INTO comunas (id, nombre, region_id)	VALUES (7,'Camiña',2);
INSERT INTO comunas (id, nombre, region_id)	VALUES (8,'Colchane',2);
INSERT INTO comunas (id, nombre, region_id)	VALUES (9,'Huara',2);
INSERT INTO comunas (id, nombre, region_id)	VALUES (10,'Pica',2);
INSERT INTO comunas (id, nombre, region_id)	VALUES (11,'Pozo Almonte',2);
INSERT INTO comunas (id, nombre, region_id)	VALUES (12,'Antofagasta',3);
INSERT INTO comunas (id, nombre, region_id) VALUES (13,'Mejillones',3);
INSERT INTO comunas (id, nombre, region_id) VALUES (14,'Sierra Gorda',3);
INSERT INTO comunas (id, nombre, region_id) VALUES (15,'Taltal',3);
INSERT INTO comunas (id, nombre, region_id) VALUES (16,'Calama',3);
INSERT INTO comunas (id, nombre, region_id) VALUES (17,'Ollague',3);
INSERT INTO comunas (id, nombre, region_id) VALUES (18,'San Pedro de Atacama',3);
INSERT INTO comunas (id, nombre, region_id) VALUES (19,'María Elena',3);
INSERT INTO comunas (id, nombre, region_id) VALUES (20,'Tocopilla',3);
INSERT INTO comunas (id, nombre, region_id) VALUES (21,'Chañaral',4);
INSERT INTO comunas (id, nombre, region_id) VALUES (22,'Diego de Almagro',4);
INSERT INTO comunas (id, nombre, region_id) VALUES (23,'Caldera',4);
INSERT INTO comunas (id, nombre, region_id) VALUES (24,'Copiapó',4);
INSERT INTO comunas (id, nombre, region_id) VALUES (25,'Tierra Amarilla',4);
INSERT INTO comunas (id, nombre, region_id) VALUES (26,'Alto del Carmen',4);
INSERT INTO comunas (id, nombre, region_id) VALUES (27,'Freirina',4);
INSERT INTO comunas (id, nombre, region_id) VALUES (28,'Huasco',4);
INSERT INTO comunas (id, nombre, region_id) VALUES (29,'Vallenar',4);
INSERT INTO comunas (id, nombre, region_id) VALUES (30,'Canela',5);
INSERT INTO comunas (id, nombre, region_id) VALUES (31,'Illapel',5);
INSERT INTO comunas (id, nombre, region_id) VALUES (32,'Los Vilos',5);
INSERT INTO comunas (id, nombre, region_id) VALUES (33,'Salamanca',5);
INSERT INTO comunas (id, nombre, region_id) VALUES (34,'Andacollo',5);
INSERT INTO comunas (id, nombre, region_id) VALUES (35,'Coquimbo',5);
INSERT INTO comunas (id, nombre, region_id) VALUES (36,'La Higuera',5);
INSERT INTO comunas (id, nombre, region_id) VALUES (37,'La Serena',5);
INSERT INTO comunas (id, nombre, region_id) VALUES (38,'Paihuaco',5);
INSERT INTO comunas (id, nombre, region_id) VALUES (39,'Vicuña',5);
INSERT INTO comunas (id, nombre, region_id) VALUES (40,'Combarbalá',5);
INSERT INTO comunas (id, nombre, region_id) VALUES (41,'Monte Patria',5);
INSERT INTO comunas (id, nombre, region_id) VALUES (42,'Ovalle',5);
INSERT INTO comunas (id, nombre, region_id) VALUES (43,'Punitaqui',5);
INSERT INTO comunas (id, nombre, region_id) VALUES (44,'Río Hurtado',5);
INSERT INTO comunas (id, nombre, region_id) VALUES (45,'Isla de Pascua',6);
INSERT INTO comunas (id, nombre, region_id) VALUES (46,'Calle Larga',6);
INSERT INTO comunas (id, nombre, region_id) VALUES (47,'Los Andes',6);
INSERT INTO comunas (id, nombre, region_id) VALUES (48,'Rinconada',6);
INSERT INTO comunas (id, nombre, region_id) VALUES (49,'San Esteban',6);
INSERT INTO comunas (id, nombre, region_id) VALUES (50,'La Ligua',6);
INSERT INTO comunas (id, nombre, region_id) VALUES (51,'Papudo',6);
INSERT INTO comunas (id, nombre, region_id) VALUES (52,'Petorca',6);
INSERT INTO comunas (id, nombre, region_id) VALUES (53,'Zapallar',6);
INSERT INTO comunas (id, nombre, region_id) VALUES (54,'Hijuelas',6);
INSERT INTO comunas (id, nombre, region_id) VALUES (55,'La Calera',6);
INSERT INTO comunas (id, nombre, region_id) VALUES (56,'La Cruz',6);
INSERT INTO comunas (id, nombre, region_id) VALUES (57,'Limache',6);
INSERT INTO comunas (id, nombre, region_id) VALUES (58,'Nogales',6);
INSERT INTO comunas (id, nombre, region_id) VALUES (59,'Olmué',6);
INSERT INTO comunas (id, nombre, region_id) VALUES (60,'Quillota',6);
INSERT INTO comunas (id, nombre, region_id) VALUES (61,'Algarrobo',6);
INSERT INTO comunas (id, nombre, region_id) VALUES (62,'Cartagena',6);
INSERT INTO comunas (id, nombre, region_id) VALUES (63,'El Quisco',6);
INSERT INTO comunas (id, nombre, region_id) VALUES (64,'El Tabo',6);
INSERT INTO comunas (id, nombre, region_id) VALUES (65,'San Antonio',6);
INSERT INTO comunas (id, nombre, region_id) VALUES (66,'Santo Domingo',6);
INSERT INTO comunas (id, nombre, region_id) VALUES (67,'Catemu',6);
INSERT INTO comunas (id, nombre, region_id) VALUES (68,'Llaillay',6);
INSERT INTO comunas (id, nombre, region_id) VALUES (69,'Panquehue',6);
INSERT INTO comunas (id, nombre, region_id) VALUES (70,'Putaendo',6);
INSERT INTO comunas (id, nombre, region_id) VALUES (71,'San Felipe',6);
INSERT INTO comunas (id, nombre, region_id) VALUES (72,'Santa María',6);
INSERT INTO comunas (id, nombre, region_id) VALUES (73,'Casablanca',6);
INSERT INTO comunas (id, nombre, region_id) VALUES (74,'Concón',6);
INSERT INTO comunas (id, nombre, region_id) VALUES (75,'Juan Fernández',6);
INSERT INTO comunas (id, nombre, region_id) VALUES (76,'Puchuncaví',6);
INSERT INTO comunas (id, nombre, region_id) VALUES (77,'Quilpué',6);
INSERT INTO comunas (id, nombre, region_id) VALUES (78,'Quintero',6);
INSERT INTO comunas (id, nombre, region_id) VALUES (79,'Valparaíso',6);
INSERT INTO comunas (id, nombre, region_id) VALUES (80,'Villa Alemana',6);
INSERT INTO comunas (id, nombre, region_id) VALUES (81,'Viña del Mar',6);
INSERT INTO comunas (id, nombre, region_id) VALUES (82,'Colina',7);
INSERT INTO comunas (id, nombre, region_id) VALUES (83,'Lampa',7);
INSERT INTO comunas (id, nombre, region_id) VALUES (84,'Tiltil',7);
INSERT INTO comunas (id, nombre, region_id) VALUES (85,'Pirque',7);
INSERT INTO comunas (id, nombre, region_id) VALUES (86,'Puente Alto',7);
INSERT INTO comunas (id, nombre, region_id) VALUES (87,'San José de Maipo',7);
INSERT INTO comunas (id, nombre, region_id) VALUES (88,'Buin',7);
INSERT INTO comunas (id, nombre, region_id) VALUES (89,'Calera de Tango',7);
INSERT INTO comunas (id, nombre, region_id) VALUES (90,'Paine',7);
INSERT INTO comunas (id, nombre, region_id) VALUES (91,'San Bernardo',7);
INSERT INTO comunas (id, nombre, region_id) VALUES (92,'Alhué',7);
INSERT INTO comunas (id, nombre, region_id) VALUES (93,'Curacaví',7);
INSERT INTO comunas (id, nombre, region_id) VALUES (94,'María Pinto',7);
INSERT INTO comunas (id, nombre, region_id) VALUES (95,'Melipilla',7);
INSERT INTO comunas (id, nombre, region_id) VALUES (96,'San Pedro',7);
INSERT INTO comunas (id, nombre, region_id) VALUES (97,'Cerrillos',7);
INSERT INTO comunas (id, nombre, region_id) VALUES (98,'Cerro Navia',7);
INSERT INTO comunas (id, nombre, region_id) VALUES (99,'Conchalí',7);
INSERT INTO comunas (id, nombre, region_id) VALUES (100,'El Bosque',7);
INSERT INTO comunas (id, nombre, region_id) VALUES (101,'Estación Central',7);
INSERT INTO comunas (id, nombre, region_id) VALUES (102,'Huechuraba',7);
INSERT INTO comunas (id, nombre, region_id) VALUES (103,'Independencia',7);
INSERT INTO comunas (id, nombre, region_id) VALUES (104,'La Cisterna',7);
INSERT INTO comunas (id, nombre, region_id) VALUES (105,'La Granja',7);
INSERT INTO comunas (id, nombre, region_id) VALUES (106,'La Florida',7);
INSERT INTO comunas (id, nombre, region_id) VALUES (107,'La Pintana',7);
INSERT INTO comunas (id, nombre, region_id) VALUES (108,'La Reina',7);
INSERT INTO comunas (id, nombre, region_id) VALUES (109,'Las Condes',7);
INSERT INTO comunas (id, nombre, region_id) VALUES (110,'Lo Barnechea',7);
INSERT INTO comunas (id, nombre, region_id) VALUES (111,'Lo Espejo',7);
INSERT INTO comunas (id, nombre, region_id) VALUES (112,'Lo Prado',7);
INSERT INTO comunas (id, nombre, region_id) VALUES (113,'Macul',7);
INSERT INTO comunas (id, nombre, region_id) VALUES (114,'Maipú',7);
INSERT INTO comunas (id, nombre, region_id) VALUES (115,'Ñuñoa',7);
INSERT INTO comunas (id, nombre, region_id) VALUES (116,'Pedro Aguirre Cerda',7);
INSERT INTO comunas (id, nombre, region_id) VALUES (117,'Peñalolén',7);
INSERT INTO comunas (id, nombre, region_id) VALUES (118,'Providencia',7);
INSERT INTO comunas (id, nombre, region_id) VALUES (119,'Pudahuel',7);
INSERT INTO comunas (id, nombre, region_id) VALUES (120,'Quilicura',7);
INSERT INTO comunas (id, nombre, region_id) VALUES (121,'Quinta Normal',7);
INSERT INTO comunas (id, nombre, region_id) VALUES (122,'Recoleta',7);
INSERT INTO comunas (id, nombre, region_id) VALUES (123,'Renca',7);
INSERT INTO comunas (id, nombre, region_id) VALUES (124,'San Miguel',7);
INSERT INTO comunas (id, nombre, region_id) VALUES (125,'San Joaquín',7);
INSERT INTO comunas (id, nombre, region_id) VALUES (126,'San Ramón',7);
INSERT INTO comunas (id, nombre, region_id) VALUES (127,'Santiago',7);
INSERT INTO comunas (id, nombre, region_id) VALUES (128,'Vitacura',7);
INSERT INTO comunas (id, nombre, region_id) VALUES (129,'El Monte',7);
INSERT INTO comunas (id, nombre, region_id) VALUES (130,'Isla de Maipo',7);
INSERT INTO comunas (id, nombre, region_id) VALUES (131,'Padre Hurtado',7);
INSERT INTO comunas (id, nombre, region_id) VALUES (132,'Peñaflor',7);
INSERT INTO comunas (id, nombre, region_id) VALUES (133,'Talagante',7);
INSERT INTO comunas (id, nombre, region_id) VALUES (134,'Codegua',8);
INSERT INTO comunas (id, nombre, region_id) VALUES (135,'Coínco',8);
INSERT INTO comunas (id, nombre, region_id) VALUES (136,'Coltauco',8);
INSERT INTO comunas (id, nombre, region_id) VALUES (137,'Doñihue',8);
INSERT INTO comunas (id, nombre, region_id) VALUES (138,'Graneros',8);
INSERT INTO comunas (id, nombre, region_id) VALUES (139,'Las Cabras',8);
INSERT INTO comunas (id, nombre, region_id) VALUES (140,'Machalí',8);
INSERT INTO comunas (id, nombre, region_id) VALUES (141,'Malloa',8);
INSERT INTO comunas (id, nombre, region_id) VALUES (142,'Mostazal',8);
INSERT INTO comunas (id, nombre, region_id) VALUES (143,'Olivar',8);
INSERT INTO comunas (id, nombre, region_id) VALUES (144,'Peumo',8);
INSERT INTO comunas (id, nombre, region_id) VALUES (145,'Pichidegua',8);
INSERT INTO comunas (id, nombre, region_id) VALUES (146,'Quinta de Tilcoco',8);
INSERT INTO comunas (id, nombre, region_id) VALUES (147,'Rancagua',8);
INSERT INTO comunas (id, nombre, region_id) VALUES (148,'Rengo',8);
INSERT INTO comunas (id, nombre, region_id) VALUES (149,'Requínoa',8);
INSERT INTO comunas (id, nombre, region_id) VALUES (150,'San Vicente de Tagua Tagua',8);
INSERT INTO comunas (id, nombre, region_id) VALUES (151,'La Estrella',8);
INSERT INTO comunas (id, nombre, region_id) VALUES (152,'Litueche',8);
INSERT INTO comunas (id, nombre, region_id) VALUES (153,'Marchihue',8);
INSERT INTO comunas (id, nombre, region_id) VALUES (154,'Navidad',8);
INSERT INTO comunas (id, nombre, region_id) VALUES (155,'Peredones',8);
INSERT INTO comunas (id, nombre, region_id) VALUES (156,'Pichilemu',8);
INSERT INTO comunas (id, nombre, region_id) VALUES (157,'Chépica',8);
INSERT INTO comunas (id, nombre, region_id) VALUES (158,'Chimbarongo',8);
INSERT INTO comunas (id, nombre, region_id) VALUES (159,'Lolol',8);
INSERT INTO comunas (id, nombre, region_id) VALUES (160,'Nancagua',8);
INSERT INTO comunas (id, nombre, region_id) VALUES (161,'Palmilla',8);
INSERT INTO comunas (id, nombre, region_id) VALUES (162,'Peralillo',8);
INSERT INTO comunas (id, nombre, region_id) VALUES (163,'Placilla',8);
INSERT INTO comunas (id, nombre, region_id) VALUES (164,'Pumanque',8);
INSERT INTO comunas (id, nombre, region_id) VALUES (165,'San Fernando',8);
INSERT INTO comunas (id, nombre, region_id) VALUES (166,'Santa Cruz',8);
INSERT INTO comunas (id, nombre, region_id) VALUES (167,'Cauquenes',9);
INSERT INTO comunas (id, nombre, region_id) VALUES (168,'Chanco',9);
INSERT INTO comunas (id, nombre, region_id) VALUES (169,'Pelluhue',9);
INSERT INTO comunas (id, nombre, region_id) VALUES (170,'Curicó',9);
INSERT INTO comunas (id, nombre, region_id) VALUES (171,'Hualañé',9);
INSERT INTO comunas (id, nombre, region_id) VALUES (172,'Licantén',9);
INSERT INTO comunas (id, nombre, region_id) VALUES (173,'Molina',9);
INSERT INTO comunas (id, nombre, region_id) VALUES (174,'Rauco',9);
INSERT INTO comunas (id, nombre, region_id) VALUES (175,'Romeral',9);
INSERT INTO comunas (id, nombre, region_id) VALUES (176,'Sagrada Familia',9);
INSERT INTO comunas (id, nombre, region_id) VALUES (177,'Teno',9);
INSERT INTO comunas (id, nombre, region_id) VALUES (178,'Vichuquén',9);
INSERT INTO comunas (id, nombre, region_id) VALUES (179,'Colbún',9);
INSERT INTO comunas (id, nombre, region_id) VALUES (180,'Linares',9);
INSERT INTO comunas (id, nombre, region_id) VALUES (181,'Longaví',9);
INSERT INTO comunas (id, nombre, region_id) VALUES (182,'Parral',9);
INSERT INTO comunas (id, nombre, region_id) VALUES (183,'Retiro',9);
INSERT INTO comunas (id, nombre, region_id) VALUES (184,'San Javier',9);
INSERT INTO comunas (id, nombre, region_id) VALUES (185,'Villa Alegre',9);
INSERT INTO comunas (id, nombre, region_id) VALUES (186,'Yerbas Buenas',9);
INSERT INTO comunas (id, nombre, region_id) VALUES (187,'Constitución',9);
INSERT INTO comunas (id, nombre, region_id) VALUES (188,'Curepto',9);
INSERT INTO comunas (id, nombre, region_id) VALUES (189,'Empedrado',9);
INSERT INTO comunas (id, nombre, region_id) VALUES (190,'Maule',9);
INSERT INTO comunas (id, nombre, region_id) VALUES (191,'Pelarco',9);
INSERT INTO comunas (id, nombre, region_id) VALUES (192,'Pencahue',9);
INSERT INTO comunas (id, nombre, region_id) VALUES (193,'Río Claro',9);
INSERT INTO comunas (id, nombre, region_id) VALUES (194,'San Clemente',9);
INSERT INTO comunas (id, nombre, region_id) VALUES (195,'San Rafael',9);
INSERT INTO comunas (id, nombre, region_id) VALUES (196,'Talca',9);
INSERT INTO comunas (id, nombre, region_id) VALUES (197,'Arauco',10);
INSERT INTO comunas (id, nombre, region_id) VALUES (198,'Cañete',10);
INSERT INTO comunas (id, nombre, region_id) VALUES (199,'Contulmo',10);
INSERT INTO comunas (id, nombre, region_id) VALUES (200,'Curanilahue',10);
INSERT INTO comunas (id, nombre, region_id) VALUES (201,'Lebu',10);
INSERT INTO comunas (id, nombre, region_id) VALUES (202,'Los Álamos',10);
INSERT INTO comunas (id, nombre, region_id) VALUES (203,'Tirúa',10);
INSERT INTO comunas (id, nombre, region_id) VALUES (204,'Alto Biobío',10);
INSERT INTO comunas (id, nombre, region_id) VALUES (205,'Antuco',10);
INSERT INTO comunas (id, nombre, region_id) VALUES (206,'Cabrero',10);
INSERT INTO comunas (id, nombre, region_id) VALUES (207,'Laja',10);
INSERT INTO comunas (id, nombre, region_id) VALUES (208,'Los Ángeles',10);
INSERT INTO comunas (id, nombre, region_id) VALUES (209,'Mulchén',10);
INSERT INTO comunas (id, nombre, region_id) VALUES (210,'Nacimiento',10);
INSERT INTO comunas (id, nombre, region_id) VALUES (211,'Negrete',10);
INSERT INTO comunas (id, nombre, region_id) VALUES (212,'Quilaco',10);
INSERT INTO comunas (id, nombre, region_id) VALUES (213,'Quilleco',10);
INSERT INTO comunas (id, nombre, region_id) VALUES (214,'San Rosendo',10);
INSERT INTO comunas (id, nombre, region_id) VALUES (215,'Santa Bárbara',10);
INSERT INTO comunas (id, nombre, region_id) VALUES (216,'Tucapel',10);
INSERT INTO comunas (id, nombre, region_id) VALUES (217,'Yumbel',10);
INSERT INTO comunas (id, nombre, region_id) VALUES (218,'Chiguayante',10);
INSERT INTO comunas (id, nombre, region_id) VALUES (219,'Concepción',10);
INSERT INTO comunas (id, nombre, region_id) VALUES (220,'Coronel',10);
INSERT INTO comunas (id, nombre, region_id) VALUES (221,'Florida',10);
INSERT INTO comunas (id, nombre, region_id) VALUES (222,'Hualpén',10);
INSERT INTO comunas (id, nombre, region_id) VALUES (223,'Hualqui',10);
INSERT INTO comunas (id, nombre, region_id) VALUES (224,'Lota',10);
INSERT INTO comunas (id, nombre, region_id) VALUES (225,'Penco',10);
INSERT INTO comunas (id, nombre, region_id) VALUES (226,'San Pedro de La Paz',10);
INSERT INTO comunas (id, nombre, region_id) VALUES (227,'Santa Juana',10);
INSERT INTO comunas (id, nombre, region_id) VALUES (228,'Talcahuano',10);
INSERT INTO comunas (id, nombre, region_id) VALUES (229,'Tomé',10);
INSERT INTO comunas (id, nombre, region_id) VALUES (230,'Bulnes',10);
INSERT INTO comunas (id, nombre, region_id) VALUES (231,'Chillán',10);
INSERT INTO comunas (id, nombre, region_id) VALUES (232,'Chillán Viejo',10);
INSERT INTO comunas (id, nombre, region_id) VALUES (233,'Cobquecura',10);
INSERT INTO comunas (id, nombre, region_id) VALUES (234,'Coelemu',10);
INSERT INTO comunas (id, nombre, region_id) VALUES (235,'Coihueco',10);
INSERT INTO comunas (id, nombre, region_id) VALUES (236,'El Carmen',10);
INSERT INTO comunas (id, nombre, region_id) VALUES (237,'Ninhue',10);
INSERT INTO comunas (id, nombre, region_id) VALUES (238,'Ñiquen',10);
INSERT INTO comunas (id, nombre, region_id) VALUES (239,'Pemuco',10);
INSERT INTO comunas (id, nombre, region_id) VALUES (240,'Pinto',10);
INSERT INTO comunas (id, nombre, region_id) VALUES (241,'Portezuelo',10);
INSERT INTO comunas (id, nombre, region_id) VALUES (242,'Quillón',10);
INSERT INTO comunas (id, nombre, region_id) VALUES (243,'Quirihue',10);
INSERT INTO comunas (id, nombre, region_id) VALUES (244,'Ránquil',10);
INSERT INTO comunas (id, nombre, region_id) VALUES (245,'San Carlos',10);
INSERT INTO comunas (id, nombre, region_id) VALUES (246,'San Fabián',10);
INSERT INTO comunas (id, nombre, region_id) VALUES (247,'San Ignacio',10);
INSERT INTO comunas (id, nombre, region_id) VALUES (248,'San Nicolás',10);
INSERT INTO comunas (id, nombre, region_id) VALUES (249,'Treguaco',10);
INSERT INTO comunas (id, nombre, region_id) VALUES (250,'Yungay',10);
INSERT INTO comunas (id, nombre, region_id) VALUES (251,'Carahue',11);
INSERT INTO comunas (id, nombre, region_id) VALUES (252,'Cholchol',11);
INSERT INTO comunas (id, nombre, region_id) VALUES (253,'Cunco',11);
INSERT INTO comunas (id, nombre, region_id) VALUES (254,'Curarrehue',11);
INSERT INTO comunas (id, nombre, region_id) VALUES (255,'Freire',11);
INSERT INTO comunas (id, nombre, region_id) VALUES (256,'Galvarino',11);
INSERT INTO comunas (id, nombre, region_id) VALUES (257,'Gorbea',11);
INSERT INTO comunas (id, nombre, region_id) VALUES (258,'Lautaro',11);
INSERT INTO comunas (id, nombre, region_id) VALUES (259,'Loncoche',11);
INSERT INTO comunas (id, nombre, region_id) VALUES (260,'Melipeuco',11);
INSERT INTO comunas (id, nombre, region_id) VALUES (261,'Nueva Imperial',11);
INSERT INTO comunas (id, nombre, region_id) VALUES (262,'Padre Las Casas',11);
INSERT INTO comunas (id, nombre, region_id) VALUES (263,'Perquenco',11);
INSERT INTO comunas (id, nombre, region_id) VALUES (264,'Pitrufquén',11);
INSERT INTO comunas (id, nombre, region_id) VALUES (265,'Pucón',11);
INSERT INTO comunas (id, nombre, region_id) VALUES (266,'Saavedra',11);
INSERT INTO comunas (id, nombre, region_id) VALUES (267,'Temuco',11);
INSERT INTO comunas (id, nombre, region_id) VALUES (268,'Teodoro Schmidt',11);
INSERT INTO comunas (id, nombre, region_id) VALUES (269,'Toltén',11);
INSERT INTO comunas (id, nombre, region_id) VALUES (270,'Vilcún',11);
INSERT INTO comunas (id, nombre, region_id) VALUES (271,'Villarrica',11);
INSERT INTO comunas (id, nombre, region_id) VALUES (272,'Angol',11);
INSERT INTO comunas (id, nombre, region_id) VALUES (273,'Collipulli',11);
INSERT INTO comunas (id, nombre, region_id) VALUES (274,'Curacautín',11);
INSERT INTO comunas (id, nombre, region_id) VALUES (275,'Ercilla',11);
INSERT INTO comunas (id, nombre, region_id) VALUES (276,'Lonquimay',11);
INSERT INTO comunas (id, nombre, region_id) VALUES (277,'Los Sauces',11);
INSERT INTO comunas (id, nombre, region_id) VALUES (278,'Lumaco',11);
INSERT INTO comunas (id, nombre, region_id) VALUES (279,'Purén',11);
INSERT INTO comunas (id, nombre, region_id) VALUES (280,'Renaico',11);
INSERT INTO comunas (id, nombre, region_id) VALUES (281,'Traiguén',11);
INSERT INTO comunas (id, nombre, region_id) VALUES (282,'Victoria',11);
INSERT INTO comunas (id, nombre, region_id) VALUES (283,'Corral',12);
INSERT INTO comunas (id, nombre, region_id) VALUES (284,'Lanco',12);
INSERT INTO comunas (id, nombre, region_id) VALUES (285,'Los Lagos',12);
INSERT INTO comunas (id, nombre, region_id) VALUES (286,'Máfil',12);
INSERT INTO comunas (id, nombre, region_id) VALUES (287,'Mariquina',12);
INSERT INTO comunas (id, nombre, region_id) VALUES (288,'Paillaco',12);
INSERT INTO comunas (id, nombre, region_id) VALUES (289,'Panguipulli',12);
INSERT INTO comunas (id, nombre, region_id) VALUES (290,'Valdivia',12);
INSERT INTO comunas (id, nombre, region_id) VALUES (291,'Futrono',12);
INSERT INTO comunas (id, nombre, region_id) VALUES (292,'La Unión',12);
INSERT INTO comunas (id, nombre, region_id) VALUES (293,'Lago Ranco',12);
INSERT INTO comunas (id, nombre, region_id) VALUES (294,'Río Bueno',12);
INSERT INTO comunas (id, nombre, region_id) VALUES (295,'Ancud',13);
INSERT INTO comunas (id, nombre, region_id) VALUES (296,'Castro',13);
INSERT INTO comunas (id, nombre, region_id) VALUES (297,'Chonchi',13);
INSERT INTO comunas (id, nombre, region_id) VALUES (298,'Curaco de Vélez',13);
INSERT INTO comunas (id, nombre, region_id) VALUES (299,'Dalcahue',13);
INSERT INTO comunas (id, nombre, region_id) VALUES (300,'Puqueldón',13);
INSERT INTO comunas (id, nombre, region_id) VALUES (301,'Queilén',13);
INSERT INTO comunas (id, nombre, region_id) VALUES (302,'Quemchi',13);
INSERT INTO comunas (id, nombre, region_id) VALUES (303,'Quellón',13);
INSERT INTO comunas (id, nombre, region_id) VALUES (304,'Quinchao',13);
INSERT INTO comunas (id, nombre, region_id) VALUES (305,'Calbuco',13);
INSERT INTO comunas (id, nombre, region_id) VALUES (306,'Cochamó',13);
INSERT INTO comunas (id, nombre, region_id) VALUES (307,'Fresia',13);
INSERT INTO comunas (id, nombre, region_id) VALUES (308,'Frutillar',13);
INSERT INTO comunas (id, nombre, region_id) VALUES (309,'Llanquihue',13);
INSERT INTO comunas (id, nombre, region_id) VALUES (310,'Los Muermos',13);
INSERT INTO comunas (id, nombre, region_id) VALUES (311,'Maullín',13);
INSERT INTO comunas (id, nombre, region_id) VALUES (312,'Puerto Montt',13);
INSERT INTO comunas (id, nombre, region_id) VALUES (313,'Puerto Varas',13);
INSERT INTO comunas (id, nombre, region_id) VALUES (314,'Osorno',13);
INSERT INTO comunas (id, nombre, region_id) VALUES (315,'Puero Octay',13);
INSERT INTO comunas (id, nombre, region_id) VALUES (316,'Purranque',13);
INSERT INTO comunas (id, nombre, region_id) VALUES (317,'Puyehue',13);
INSERT INTO comunas (id, nombre, region_id) VALUES (318,'Río Negro',13);
INSERT INTO comunas (id, nombre, region_id) VALUES (319,'San Juan de la Costa',13);
INSERT INTO comunas (id, nombre, region_id) VALUES (320,'San Pablo',13);
INSERT INTO comunas (id, nombre, region_id) VALUES (321,'Chaitén',13);
INSERT INTO comunas (id, nombre, region_id) VALUES (322,'Futaleufú',13);
INSERT INTO comunas (id, nombre, region_id) VALUES (323,'Hualaihué',13);
INSERT INTO comunas (id, nombre, region_id) VALUES (324,'Palena',13);
INSERT INTO comunas (id, nombre, region_id) VALUES (325,'Aisén',14);
INSERT INTO comunas (id, nombre, region_id) VALUES (326,'Cisnes',14);
INSERT INTO comunas (id, nombre, region_id) VALUES (327,'Guaitecas',14);
INSERT INTO comunas (id, nombre, region_id) VALUES (328,'Cochrane',14);
INSERT INTO comunas (id, nombre, region_id) VALUES (329,'O''higgins',14);
INSERT INTO comunas (id, nombre, region_id) VALUES (330,'Tortel',14);
INSERT INTO comunas (id, nombre, region_id) VALUES (331,'Coihaique',14);
INSERT INTO comunas (id, nombre, region_id) VALUES (332,'Lago Verde',14);
INSERT INTO comunas (id, nombre, region_id) VALUES (333,'Chile Chico',14);
INSERT INTO comunas (id, nombre, region_id) VALUES (334,'Río Ibáñez',14);
INSERT INTO comunas (id, nombre, region_id) VALUES (335,'Antártica',15);
INSERT INTO comunas (id, nombre, region_id) VALUES (336,'Cabo de Hornos',15);
INSERT INTO comunas (id, nombre, region_id) VALUES (337,'Laguna Blanca',15);
INSERT INTO comunas (id, nombre, region_id) VALUES (338,'Punta Arenas',15);
INSERT INTO comunas (id, nombre, region_id) VALUES (339,'Río Verde',15);
INSERT INTO comunas (id, nombre, region_id) VALUES (340,'San Gregorio',15);
INSERT INTO comunas (id, nombre, region_id) VALUES (341,'Porvenir',15);
INSERT INTO comunas (id, nombre, region_id) VALUES (342,'Primavera',15);
INSERT INTO comunas (id, nombre, region_id) VALUES (343,'Timaukel',15);
INSERT INTO comunas (id, nombre, region_id) VALUES (344,'Natales',15);
INSERT INTO comunas (id, nombre, region_id) VALUES (345,'Torres del Paine',15);

INSERT INTO nacionalidades (pais, gentilicio, iso) VALUES ('Afganistán','Afgana','AFG');
INSERT INTO nacionalidades (pais, gentilicio, iso) VALUES ('Albania','Albanesa','ALB');
INSERT INTO nacionalidades (pais, gentilicio, iso) VALUES ('Alemania','Alemana','DEU');
INSERT INTO nacionalidades (pais, gentilicio, iso) VALUES ('Andorra','Andorrana','AND');
INSERT INTO nacionalidades (pais, gentilicio, iso) VALUES ('Angola','Angoleña','AGO');
INSERT INTO nacionalidades (pais, gentilicio, iso) VALUES ('Antiguay Barbuda','Antiguana','ATG');
INSERT INTO nacionalidades (pais, gentilicio, iso) VALUES ('Arabia Saudita','Saudí','SAU');
INSERT INTO nacionalidades (pais, gentilicio, iso) VALUES ('Argelia','Argelina','DZA');
INSERT INTO nacionalidades (pais, gentilicio, iso) VALUES ('Argentina','Argentina','ARG');
INSERT INTO nacionalidades (pais, gentilicio, iso) VALUES ('Armenia','Armenia','ARM');
INSERT INTO nacionalidades (pais, gentilicio, iso) VALUES ('Aruba','Arubeña','ABW');
INSERT INTO nacionalidades (pais, gentilicio, iso) VALUES ('Australia','Australiana','AUS');
INSERT INTO nacionalidades (pais, gentilicio, iso) VALUES ('Austria','Austriaca','AUT');
INSERT INTO nacionalidades (pais, gentilicio, iso) VALUES ('Azerbaiyán','Azerbaiyana','AZE');
INSERT INTO nacionalidades (pais, gentilicio, iso) VALUES ('Bahamas','Bahameña','BHS');
INSERT INTO nacionalidades (pais, gentilicio, iso) VALUES ('Bangladés','Bangladesí','BGD');
INSERT INTO nacionalidades (pais, gentilicio, iso) VALUES ('Barbados','Barbadense','BRB');
INSERT INTO nacionalidades (pais, gentilicio, iso) VALUES ('Baréin','Bareiní','BHR');
INSERT INTO nacionalidades (pais, gentilicio, iso) VALUES ('Bélgica','Belga','BEL');
INSERT INTO nacionalidades (pais, gentilicio, iso) VALUES ('Belice','Beliceña','BLZ');
INSERT INTO nacionalidades (pais, gentilicio, iso) VALUES ('Benín','Beninésa','BEN');
INSERT INTO nacionalidades (pais, gentilicio, iso) VALUES ('Bielorrusia','Bielorrusa','BLR');
INSERT INTO nacionalidades (pais, gentilicio, iso) VALUES ('Birmania','Birmana','MMR');
INSERT INTO nacionalidades (pais, gentilicio, iso) VALUES ('Bolivia','Boliviana','BOL');
INSERT INTO nacionalidades (pais, gentilicio, iso) VALUES ('Bosniay Herzegovina','Bosnia','BIH');
INSERT INTO nacionalidades (pais, gentilicio, iso) VALUES ('Botsuana','Botsuana','BWA');
INSERT INTO nacionalidades (pais, gentilicio, iso) VALUES ('Brasil','Brasileña','BRA');
INSERT INTO nacionalidades (pais, gentilicio, iso) VALUES ('Brunéi','Bruneana','BRN');
INSERT INTO nacionalidades (pais, gentilicio, iso) VALUES ('Bulgaria','Búlgara','BGR');
INSERT INTO nacionalidades (pais, gentilicio, iso) VALUES ('Burkina Faso','Burkinés','BFA');
INSERT INTO nacionalidades (pais, gentilicio, iso) VALUES ('Burundi','Burundésa','BDI');
INSERT INTO nacionalidades (pais, gentilicio, iso) VALUES ('Bután','Butanésa','BTN');
INSERT INTO nacionalidades (pais, gentilicio, iso) VALUES ('Cabo Verde','Caboverdiana','CPV');
INSERT INTO nacionalidades (pais, gentilicio, iso) VALUES ('Camboya','Camboyana','KHM');
INSERT INTO nacionalidades (pais, gentilicio, iso) VALUES ('Camerún','Camerunesa','CMR');
INSERT INTO nacionalidades (pais, gentilicio, iso) VALUES ('Canadá','Canadiense','CAN');
INSERT INTO nacionalidades (pais, gentilicio, iso) VALUES ('Catar','Catarí','QAT');
INSERT INTO nacionalidades (pais, gentilicio, iso) VALUES ('Chad','Chadiana','TCD');
INSERT INTO nacionalidades (pais, gentilicio, iso) VALUES ('Chile','Chilena','CHL');
INSERT INTO nacionalidades (pais, gentilicio, iso) VALUES ('China','China','CHN');
INSERT INTO nacionalidades (pais, gentilicio, iso) VALUES ('Chipre','Chipriota','CYP');
INSERT INTO nacionalidades (pais, gentilicio, iso) VALUES ('Ciudad del Vaticano','Vaticana','VAT');
INSERT INTO nacionalidades (pais, gentilicio, iso) VALUES ('Colombia','Colombiana','COL');
INSERT INTO nacionalidades (pais, gentilicio, iso) VALUES ('Comoras','Comorense','COM');
INSERT INTO nacionalidades (pais, gentilicio, iso) VALUES ('Corea del Norte','Norcoreana','PRK');
INSERT INTO nacionalidades (pais, gentilicio, iso) VALUES ('Corea del Sur','Surcoreana','KOR');
INSERT INTO nacionalidades (pais, gentilicio, iso) VALUES ('Costa de Marfil','Marfileña','CIV');
INSERT INTO nacionalidades (pais, gentilicio, iso) VALUES ('Costa Rica','Costarricense','CRI');
INSERT INTO nacionalidades (pais, gentilicio, iso) VALUES ('Croacia','Croata','HRV');
INSERT INTO nacionalidades (pais, gentilicio, iso) VALUES ('Cuba','Cubana','CUB');
INSERT INTO nacionalidades (pais, gentilicio, iso) VALUES ('Dinamarca','Danésa','DNK');
INSERT INTO nacionalidades (pais, gentilicio, iso) VALUES ('Dominica','Dominiqués','DMA');
INSERT INTO nacionalidades (pais, gentilicio, iso) VALUES ('Ecuador','Ecuatoriana','ECU');
INSERT INTO nacionalidades (pais, gentilicio, iso) VALUES ('Egipto','Egipcia','EGY');
INSERT INTO nacionalidades (pais, gentilicio, iso) VALUES ('El Salvador','Salvadoreña','SLV');
INSERT INTO nacionalidades (pais, gentilicio, iso) VALUES ('Emiratos Árabes Unidos','Emiratí','ARE');
INSERT INTO nacionalidades (pais, gentilicio, iso) VALUES ('Eritrea','Eritrea','ERI');
INSERT INTO nacionalidades (pais, gentilicio, iso) VALUES ('Eslovaquia','Eslovaca','SVK');
INSERT INTO nacionalidades (pais, gentilicio, iso) VALUES ('Eslovenia','Eslovena','SVN');
INSERT INTO nacionalidades (pais, gentilicio, iso) VALUES ('España','Española','ESP');
INSERT INTO nacionalidades (pais, gentilicio, iso) VALUES ('Estados Unidos','Estadounidense','USA');
INSERT INTO nacionalidades (pais, gentilicio, iso) VALUES ('Estonia','Estonia','EST');
INSERT INTO nacionalidades (pais, gentilicio, iso) VALUES ('Etiopía','Etíope','ETH');
INSERT INTO nacionalidades (pais, gentilicio, iso) VALUES ('Filipinas','Filipina','PHL');
INSERT INTO nacionalidades (pais, gentilicio, iso) VALUES ('Finlandia','Finlandésa','FIN');
INSERT INTO nacionalidades (pais, gentilicio, iso) VALUES ('Fiyi','Fiyiana','FJI');
INSERT INTO nacionalidades (pais, gentilicio, iso) VALUES ('Francia','Francésa','FRA');
INSERT INTO nacionalidades (pais, gentilicio, iso) VALUES ('Gabón','Gabonésa','GAB');
INSERT INTO nacionalidades (pais, gentilicio, iso) VALUES ('Gambia','Gambiana','GMB');
INSERT INTO nacionalidades (pais, gentilicio, iso) VALUES ('Georgia','Georgiana','GEO');
INSERT INTO nacionalidades (pais, gentilicio, iso) VALUES ('Gibraltar','Gibraltareña','GIB');
INSERT INTO nacionalidades (pais, gentilicio, iso) VALUES ('Ghana','Ghanésa','GHA');
INSERT INTO nacionalidades (pais, gentilicio, iso) VALUES ('Granada','Granadina','GRD');
INSERT INTO nacionalidades (pais, gentilicio, iso) VALUES ('Grecia','Griega','GRC');
INSERT INTO nacionalidades (pais, gentilicio, iso) VALUES ('Groenlandia','Groenlandésa','GRL');
INSERT INTO nacionalidades (pais, gentilicio, iso) VALUES ('Guatemala','Guatemalteca','GTM');
INSERT INTO nacionalidades (pais, gentilicio, iso) VALUES ('Guineaecuatorial','Ecuatoguineana','GNQ');
INSERT INTO nacionalidades (pais, gentilicio, iso) VALUES ('Guinea','Guineana','GIN');
INSERT INTO nacionalidades (pais, gentilicio, iso) VALUES ('Guinea-Bisáu','Guineana-bisáu','GNB');
INSERT INTO nacionalidades (pais, gentilicio, iso) VALUES ('Guyana','Guyanesa','GUY');
INSERT INTO nacionalidades (pais, gentilicio, iso) VALUES ('Haití','Haitiana','HTI');
INSERT INTO nacionalidades (pais, gentilicio, iso) VALUES ('Honduras','Hondureña','HND');
INSERT INTO nacionalidades (pais, gentilicio, iso) VALUES ('Hungría','Húngara','HUN');
INSERT INTO nacionalidades (pais, gentilicio, iso) VALUES ('India','Hindú','IND');
INSERT INTO nacionalidades (pais, gentilicio, iso) VALUES ('Indonesia','Indonesia','IDN');
INSERT INTO nacionalidades (pais, gentilicio, iso) VALUES ('Irak','Iraquí','IRQ');
INSERT INTO nacionalidades (pais, gentilicio, iso) VALUES ('Irán','Iraní','IRN');
INSERT INTO nacionalidades (pais, gentilicio, iso) VALUES ('Irlanda','Irlandésa','IRL');
INSERT INTO nacionalidades (pais, gentilicio, iso) VALUES ('Islandia','Islandésa','ISL');
INSERT INTO nacionalidades (pais, gentilicio, iso) VALUES ('Islas Cook','Cookiana','COK');
INSERT INTO nacionalidades (pais, gentilicio, iso) VALUES ('Islas Marshall','Marshalésa','MHL');
INSERT INTO nacionalidades (pais, gentilicio, iso) VALUES ('Islas Salomón','Salomonense','SLB');
INSERT INTO nacionalidades (pais, gentilicio, iso) VALUES ('Israel','Israelí','ISR');
INSERT INTO nacionalidades (pais, gentilicio, iso) VALUES ('Italia','Italiana','ITA');
INSERT INTO nacionalidades (pais, gentilicio, iso) VALUES ('Jamaica','Jamaiquina','JAM');
INSERT INTO nacionalidades (pais, gentilicio, iso) VALUES ('Japón','Japonésa','JPN');
INSERT INTO nacionalidades (pais, gentilicio, iso) VALUES ('Jordania','Jordana','JOR');
INSERT INTO nacionalidades (pais, gentilicio, iso) VALUES ('Kazajistán','Kazaja','KAZ');
INSERT INTO nacionalidades (pais, gentilicio, iso) VALUES ('Kenia','Keniata','KEN');
INSERT INTO nacionalidades (pais, gentilicio, iso) VALUES ('Kirguistán','Kirguisa','KGZ');
INSERT INTO nacionalidades (pais, gentilicio, iso) VALUES ('Kiribati','Kiribatiana','KIR');
INSERT INTO nacionalidades (pais, gentilicio, iso) VALUES ('Kuwait','Kuwaití','KWT');
INSERT INTO nacionalidades (pais, gentilicio, iso) VALUES ('Laos','Laosiana','LAO');
INSERT INTO nacionalidades (pais, gentilicio, iso) VALUES ('Lesoto','Lesotense','LSO');
INSERT INTO nacionalidades (pais, gentilicio, iso) VALUES ('Letonia','Letóna','LVA');
INSERT INTO nacionalidades (pais, gentilicio, iso) VALUES ('Líbano','Libanésa','LBN');
INSERT INTO nacionalidades (pais, gentilicio, iso) VALUES ('Liberia','Liberiana','LBR');
INSERT INTO nacionalidades (pais, gentilicio, iso) VALUES ('Libia','Libia','LBY');
INSERT INTO nacionalidades (pais, gentilicio, iso) VALUES ('Liechtenstein','Liechtensteiniana','LIE');
INSERT INTO nacionalidades (pais, gentilicio, iso) VALUES ('Lituania','Lituana','LTU');
INSERT INTO nacionalidades (pais, gentilicio, iso) VALUES ('Luxemburgo','Luxemburguesa','LUX');
INSERT INTO nacionalidades (pais, gentilicio, iso) VALUES ('Madagascar','Malgache','MDG');
INSERT INTO nacionalidades (pais, gentilicio, iso) VALUES ('Malasia','Malasia','MYS');
INSERT INTO nacionalidades (pais, gentilicio, iso) VALUES ('Malaui','Malauí','MWI');
INSERT INTO nacionalidades (pais, gentilicio, iso) VALUES ('Maldivas','Maldiva','MDV');
INSERT INTO nacionalidades (pais, gentilicio, iso) VALUES ('Malí','Maliense','MLI');
INSERT INTO nacionalidades (pais, gentilicio, iso) VALUES ('Malta','Maltésa','MLT');
INSERT INTO nacionalidades (pais, gentilicio, iso) VALUES ('Marruecos','Marroqué','MAR');
INSERT INTO nacionalidades (pais, gentilicio, iso) VALUES ('Martinica','Martiniqués','MTQ');
INSERT INTO nacionalidades (pais, gentilicio, iso) VALUES ('Mauricio','Mauriciana','MUS');
INSERT INTO nacionalidades (pais, gentilicio, iso) VALUES ('Mauritania','Mauritana','MRT');
INSERT INTO nacionalidades (pais, gentilicio, iso) VALUES ('México','Mexicana','MEX');
INSERT INTO nacionalidades (pais, gentilicio, iso) VALUES ('Micronesia','Micronesia','FSM');
INSERT INTO nacionalidades (pais, gentilicio, iso) VALUES ('Moldavia','Moldava','MDA');
INSERT INTO nacionalidades (pais, gentilicio, iso) VALUES ('Mónaco','Monegasca','MCO');
INSERT INTO nacionalidades (pais, gentilicio, iso) VALUES ('Mongolia','Mongola','MNG');
INSERT INTO nacionalidades (pais, gentilicio, iso) VALUES ('Montenegro','Montenegrina','MNE');
INSERT INTO nacionalidades (pais, gentilicio, iso) VALUES ('Mozambique','Mozambiqueña','MOZ');
INSERT INTO nacionalidades (pais, gentilicio, iso) VALUES ('Namibia','Namibia','NAM');
INSERT INTO nacionalidades (pais, gentilicio, iso) VALUES ('Nauru','Nauruana','NRU');
INSERT INTO nacionalidades (pais, gentilicio, iso) VALUES ('Nepal','Nepalí','NPL');
INSERT INTO nacionalidades (pais, gentilicio, iso) VALUES ('Nicaragua','Nicaragüense','NIC');
INSERT INTO nacionalidades (pais, gentilicio, iso) VALUES ('Níger','Nigerina','NER');
INSERT INTO nacionalidades (pais, gentilicio, iso) VALUES ('Nigeria','Nigeriana','NGA');
INSERT INTO nacionalidades (pais, gentilicio, iso) VALUES ('Noruega','Noruega','NOR');
INSERT INTO nacionalidades (pais, gentilicio, iso) VALUES ('Nueva Zelanda','Neozelandésa','NZL');
INSERT INTO nacionalidades (pais, gentilicio, iso) VALUES ('Omán','Omaní','OMN');
INSERT INTO nacionalidades (pais, gentilicio, iso) VALUES ('Países Bajos','Neerlandésa','NLD');
INSERT INTO nacionalidades (pais, gentilicio, iso) VALUES ('Pakistán','Pakistaní','PAK');
INSERT INTO nacionalidades (pais, gentilicio, iso) VALUES ('Palaos','Palauana','PLW');
INSERT INTO nacionalidades (pais, gentilicio, iso) VALUES ('Palestina','Palestina','PSE');
INSERT INTO nacionalidades (pais, gentilicio, iso) VALUES ('Panamá','Panameña','PAN');
INSERT INTO nacionalidades (pais, gentilicio, iso) VALUES ('Papúa Nueva Guinea','Papú','PNG');
INSERT INTO nacionalidades (pais, gentilicio, iso) VALUES ('Paraguay','Paraguaya','PRY');
INSERT INTO nacionalidades (pais, gentilicio, iso) VALUES ('Perú','Peruana','PER');
INSERT INTO nacionalidades (pais, gentilicio, iso) VALUES ('Polonia','Polaca','POL');
INSERT INTO nacionalidades (pais, gentilicio, iso) VALUES ('Portugal','Portuguesa','PRT');
INSERT INTO nacionalidades (pais, gentilicio, iso) VALUES ('Puerto Rico','Puertorriqueña','PRI');
INSERT INTO nacionalidades (pais, gentilicio, iso) VALUES ('Reino Unido','Británica','GBR');
INSERT INTO nacionalidades (pais, gentilicio, iso) VALUES ('República Centroafricana','Centroafricana','CAF');
INSERT INTO nacionalidades (pais, gentilicio, iso) VALUES ('República Checa','Checa','CZE');
INSERT INTO nacionalidades (pais, gentilicio, iso) VALUES ('República de Macedonia','Macedonia','MKD');
INSERT INTO nacionalidades (pais, gentilicio, iso) VALUES ('República del Congo','Congoleña','COG');
INSERT INTO nacionalidades (pais, gentilicio, iso) VALUES ('República Democrática del Congo','Congoleña democrática','COD');
INSERT INTO nacionalidades (pais, gentilicio, iso) VALUES ('República Dominicana','Dominicana','DOM');
INSERT INTO nacionalidades (pais, gentilicio, iso) VALUES ('República Sudafricana','Sudafricana','ZAF');
INSERT INTO nacionalidades (pais, gentilicio, iso) VALUES ('Ruanda','Ruandésa','RWA');
INSERT INTO nacionalidades (pais, gentilicio, iso) VALUES ('Rumanía','Rumana','ROU');
INSERT INTO nacionalidades (pais, gentilicio, iso) VALUES ('Rusia','Rusa','RUS');
INSERT INTO nacionalidades (pais, gentilicio, iso) VALUES ('Samoa','Samoana','WSM');
INSERT INTO nacionalidades (pais, gentilicio, iso) VALUES ('San Cristóbal y Nieves','cristobaleña','KNA');
INSERT INTO nacionalidades (pais, gentilicio, iso) VALUES ('San Marino','Sanmarinense','SMR');
INSERT INTO nacionalidades (pais, gentilicio, iso) VALUES ('San Vicente y las Granadinas','Sanvicentina','VCT');
INSERT INTO nacionalidades (pais, gentilicio, iso) VALUES ('Santa Lucía','Santalucense','LCA');
INSERT INTO nacionalidades (pais, gentilicio, iso) VALUES ('Santo Tomé y Príncipe','Santotomense','STP');
INSERT INTO nacionalidades (pais, gentilicio, iso) VALUES ('Senegal','Senegalésa','SEN');
INSERT INTO nacionalidades (pais, gentilicio, iso) VALUES ('Serbia','Serbia','SRB');
INSERT INTO nacionalidades (pais, gentilicio, iso) VALUES ('Seychelles','Seychellense','SYC');
INSERT INTO nacionalidades (pais, gentilicio, iso) VALUES ('SierraLeona','Sierraleonésa','SLE');
INSERT INTO nacionalidades (pais, gentilicio, iso) VALUES ('Singapur','Singapurense','SGP');
INSERT INTO nacionalidades (pais, gentilicio, iso) VALUES ('Siria','Siria','SYR');
INSERT INTO nacionalidades (pais, gentilicio, iso) VALUES ('Somalia','Somalí','SOM');
INSERT INTO nacionalidades (pais, gentilicio, iso) VALUES ('SriLanka','Ceilanésa','LKA');
INSERT INTO nacionalidades (pais, gentilicio, iso) VALUES ('Suazilandia','Suazi','SWZ');
INSERT INTO nacionalidades (pais, gentilicio, iso) VALUES ('Sudán del Sur','Sursudanésa','SSD');
INSERT INTO nacionalidades (pais, gentilicio, iso) VALUES ('Sudán','Sudanésa','SDN');
INSERT INTO nacionalidades (pais, gentilicio, iso) VALUES ('Suecia','Sueca','SWE');
INSERT INTO nacionalidades (pais, gentilicio, iso) VALUES ('Suiza','Suiza','CHE');
INSERT INTO nacionalidades (pais, gentilicio, iso) VALUES ('Surinam','Sutinamesa','SUR');
INSERT INTO nacionalidades (pais, gentilicio, iso) VALUES ('Tailandia','Tailandésa','THA');
INSERT INTO nacionalidades (pais, gentilicio, iso) VALUES ('Tanzania','Tanzana','TZA');
INSERT INTO nacionalidades (pais, gentilicio, iso) VALUES ('Tayikistán','Tayika','TJK');
INSERT INTO nacionalidades (pais, gentilicio, iso) VALUES ('Timor Oriental','Timorense','TLS');
INSERT INTO nacionalidades (pais, gentilicio, iso) VALUES ('Togo','Togolésa','TGO');
INSERT INTO nacionalidades (pais, gentilicio, iso) VALUES ('Tonga','Tongana','TON');
INSERT INTO nacionalidades (pais, gentilicio, iso) VALUES ('Trinidady Tobago','Trinitense','TTO');
INSERT INTO nacionalidades (pais, gentilicio, iso) VALUES ('Túnez','Tunecina','TUN');
INSERT INTO nacionalidades (pais, gentilicio, iso) VALUES ('Turkmenistán','Turcomana','TKM');
INSERT INTO nacionalidades (pais, gentilicio, iso) VALUES ('Turquía','Turca','TUR');
INSERT INTO nacionalidades (pais, gentilicio, iso) VALUES ('Tuvalu','Tuvaluana','TUV');
INSERT INTO nacionalidades (pais, gentilicio, iso) VALUES ('Ucrania','Ucraniana','UKR');
INSERT INTO nacionalidades (pais, gentilicio, iso) VALUES ('Uganda','Ugandésa','UGA');
INSERT INTO nacionalidades (pais, gentilicio, iso) VALUES ('Uruguay','Uruguaya','URY');
INSERT INTO nacionalidades (pais, gentilicio, iso) VALUES ('Uzbekistán','Uzbeka','UZB');
INSERT INTO nacionalidades (pais, gentilicio, iso) VALUES ('Vanuatu','Vanuatuense','VUT');
INSERT INTO nacionalidades (pais, gentilicio, iso) VALUES ('Venezuela','Venezolana','VEN');
INSERT INTO nacionalidades (pais, gentilicio, iso) VALUES ('Vietnam','Vietnamita','VNM');
INSERT INTO nacionalidades (pais, gentilicio, iso) VALUES ('Yemen','Yemení','YEM');
INSERT INTO nacionalidades (pais, gentilicio, iso) VALUES ('Yibuti','Yibutiana','DJI');
INSERT INTO nacionalidades (pais, gentilicio, iso) VALUES ('Zambia','Zambiana','ZMB');
INSERT INTO nacionalidades (pais, gentilicio, iso) VALUES ('Zimbabue','Zimbabuense','ZWE');
 
INSERT INTO pacientes (nombre, apellido_paterno, apellido_materno, rut, fecha_nacimiento, numero_celular, telefono_fijo, rut_tutor, nombre_tutor, email_tutor, estado_civil_id, sexo_id, prevision_id, carnet_id, region_id, comuna_id, nacionalidad_id) VALUES ('frank', 'mujica', 'fuentealba', '19.226.507-k', '1995-08-28', 88888888, 99999999, '22.222.222-2', 'Carlos', 'carlos@gmail.com', 1, 1, 1, 1, 7, 103, 39);
